rouge1_fmeasure,rouge1_precision,rouge1_recall,rouge2_fmeasure,rouge2_precision,rouge2_recall,rougeL_fmeasure,rougeL_precision,rougeL_recall,rougeLsum_fmeasure,rougeLsum_precision,rougeLsum_recall
0.3034176528453827,0.2508668899536133,0.3899240493774414,0.08963007479906082,0.07396616786718369,0.11589859426021576,0.20346185564994812,0.16839952766895294,0.26131922006607056,0.20346185564994812,0.16839952766895294,0.26131922006607056
