rouge1_fmeasure,rouge1_precision,rouge1_recall,rouge2_fmeasure,rouge2_precision,rouge2_recall,rougeL_fmeasure,rougeL_precision,rougeL_recall,rougeLsum_fmeasure,rougeLsum_precision,rougeLsum_recall
0.256941020488739,0.23412327468395233,0.2994558811187744,0.05518071725964546,0.0505547933280468,0.06337538361549377,0.17450016736984253,0.1610274761915207,0.19999513030052185,0.18127982318401337,0.1660274714231491,0.21052145957946777
