rouge1_fmeasure,rouge1_precision,rouge1_recall,rouge2_fmeasure,rouge2_precision,rouge2_recall,rougeL_fmeasure,rougeL_precision,rougeL_recall,rougeLsum_fmeasure,rougeLsum_precision,rougeLsum_recall
0.26782140135765076,0.25240078568458557,0.30436477065086365,0.07041200250387192,0.06650548428297043,0.080071359872818,0.19752898812294006,0.18632012605667114,0.2246241420507431,0.19790267944335938,0.18661384284496307,0.22518175840377808
