rouge1_fmeasure,rouge1_precision,rouge1_recall,rouge2_fmeasure,rouge2_precision,rouge2_recall,rougeL_fmeasure,rougeL_precision,rougeL_recall,rougeLsum_fmeasure,rougeLsum_precision,rougeLsum_recall
0.2163887470960617,0.18486067652702332,0.285287082195282,0.03502039611339569,0.027857165783643723,0.05180555582046509,0.14899632334709167,0.1264379769563675,0.19885434210300446,0.1489378809928894,0.1258777529001236,0.2005700320005417
